timestamp,AQI
2023-01-01 00:00:00,104.96714153011233
2023-01-01 01:00:00,101.11881482371709
2023-01-01 02:00:00,111.47353618915889
2023-01-01 03:00:00,122.70962830979582
2023-01-01 04:00:00,107.60174306964157
2023-01-01 05:00:00,110.04095153456501
2023-01-01 06:00:00,130.58248221340162
2023-01-01 07:00:00,124.83569208968987
2023-01-01 08:00:00,114.79461135433652
2023-01-01 09:00:00,127.19415527445479
2023-01-01 10:00:00,
2023-01-01 11:00:00,
2023-01-01 12:00:00,
2023-01-01 13:00:00,
2023-01-01 14:00:00,
2023-01-01 15:00:00,
2023-01-01 16:00:00,125.76737800250204
2023-01-01 17:00:00,140.73455734345853
2023-01-01 18:00:00,130.11408927725438
2023-01-01 19:00:00,126.57537743685471
2023-01-01 20:00:00,156.75705800363556
2023-01-01 21:00:00,141.13952294242503
2023-01-01 22:00:00,145.26059579132365
2023-01-01 23:00:00,131.4141964463874
2023-01-02 00:00:00,141.17985665576228
2023-01-02 01:00:00,148.57814709079744
2023-01-02 02:00:00,136.6853375285432
2023-01-02 03:00:00,152.55790127397873
2023-01-02 04:00:00,143.27796082220135
2023-01-02 05:00:00,146.72740496286806
2023-01-02 06:00:00,143.8629375851699
2023-01-02 07:00:00,168.5135230964974
2023-01-02 08:00:00,149.8413055047769
2023-01-02 09:00:00,139.2595401437612
2023-01-02 10:00:00,157.79765511291038
2023-01-02 11:00:00,136.97517322265603
2023-01-02 12:00:00,150.76046980821596
2023-01-02 13:00:00,128.44145889527405
2023-01-02 14:00:00,134.00231508719568
2023-01-02 15:00:00,148.38038088592205
2023-01-02 16:00:00,152.8077897172251
2023-01-02 17:00:00,146.03440060343223
2023-01-02 18:00:00,141.9508282853329
2023-01-02 19:00:00,138.77490587281443
2023-01-02 20:00:00,125.5747023928857
2023-01-02 21:00:00,131.6343788753336
2023-01-02 22:00:00,132.60207570910202
2023-01-02 23:00:00,146.0621401155036
2023-01-03 00:00:00,137.12066872528192
2023-01-03 01:00:00,114.16328997516283
2023-01-03 02:00:00,133.0641101101093
2023-01-03 03:00:00,123.92733457694243
2023-01-03 04:00:00,118.89425437472981
2023-01-03 05:00:00,129.6012804857044
2023-01-03 06:00:00,131.55673942835415
2023-01-03 07:00:00,128.26855985632255
2023-01-03 08:00:00,108.22512348843935
2023-01-03 09:00:00,111.14509724839098
2023-01-03 10:00:00,115.13412070596499
2023-01-03 11:00:00,119.13159631718568
2023-01-03 12:00:00,102.11557891036888
2023-01-03 13:00:00,102.56460848502861
2023-01-03 14:00:00,90.86065265137611
2023-01-03 15:00:00,87.45992165597842
2023-01-03 16:00:00,105.04667924850534
2023-01-03 17:00:00,107.99096469178153
2023-01-03 18:00:00,91.22956014660191
2023-01-03 19:00:00,99.526249247056
2023-01-03 20:00:00,90.6748592530253
2023-01-03 21:00:00,78.20729198127133
2023-01-03 22:00:00,85.91085868438758
2023-01-03 23:00:00,95.36001853124397
2023-01-04 00:00:00,77.3542833644843
2023-01-04 01:00:00,91.14768979436926
2023-01-04 02:00:00,47.153868410745105
2023-01-04 03:00:00,79.48715192169892
2023-01-04 04:00:00,70.12736352130926
2023-01-04 05:00:00,64.33258093466809
2023-01-04 06:00:00,66.3878637148454
2023-01-04 07:00:00,43.828647526959145
2023-01-04 08:00:00,59.8326004490738
2023-01-04 09:00:00,64.02052468325022
2023-01-04 10:00:00,73.7474729286941
2023-01-04 11:00:00,52.407726491509024
2023-01-04 12:00:00,48.233602957906314
2023-01-04 13:00:00,50.138478411387084
2023-01-04 14:00:00,63.25989087113827
2023-01-04 15:00:00,56.45814278163984
2023-01-04 16:00:00,47.05507507155931
2023-01-04 17:00:00,56.786728852475775
2023-01-04 18:00:00,52.047289104395766
2023-01-04 19:00:00,60.307950725612415
2023-01-04 20:00:00,43.26962478321457
2023-01-04 21:00:00,46.8066866987579
2023-01-04 22:00:00,46.08039466373268
2023-01-04 23:00:00,35.40971527853337
2023-01-05 00:00:00,53.17456796378852
2023-01-05 01:00:00,53.11710820997214
2023-01-05 02:00:00,50.9748359207825
2023-01-05 03:00:00,49.117886722534195
2023-01-05 04:00:00,37.97166560974213
2023-01-05 05:00:00,48.70043604405168
2023-01-05 06:00:00,50.37920431997874
2023-01-05 07:00:00,46.798728294371855
2023-01-05 08:00:00,54.33694422773594
2023-01-05 09:00:00,61.22893331590964
2023-01-05 10:00:00,77.3961280955197
2023-01-05 11:00:00,61.729741833209445
2023-01-05 12:00:00,64.10938178152153
2023-01-05 13:00:00,62.43567069774344
2023-01-05 14:00:00,45.730884482447536
2023-01-05 15:00:00,66.47978549656673
2023-01-05 16:00:00,69.25684079223235
2023-01-05 17:00:00,95.27507848555831
2023-01-05 18:00:00,70.78069139424787
2023-01-05 19:00:00,77.84977980530294
2023-01-05 20:00:00,76.6802211177368
2023-01-05 21:00:00,67.59112554830601
2023-01-05 22:00:00,93.0085993455142
2023-01-05 23:00:00,91.44829848034635
2023-01-06 00:00:00,94.2281342293003
2023-01-06 01:00:00,79.64705363897936
2023-01-06 02:00:00,105.22018289666872
2023-01-06 03:00:00,79.64709965985907
2023-01-06 04:00:00,102.02341610794475
2023-01-06 05:00:00,120.55826644138072
2023-01-06 06:00:00,91.25058370746886
2023-01-06 07:00:00,97.99231138684941
2023-01-06 08:00:00,107.1419894435239
2023-01-06 09:00:00,103.58551511157815
2023-01-06 10:00:00,95.56684386429532
2023-01-06 11:00:00,114.18458108932381
2023-01-06 12:00:00,105.2675794541299
2023-01-06 13:00:00,122.97840834282738
2023-01-06 14:00:00,111.35442111830714
2023-01-06 15:00:00,138.30272312314918
2023-01-06 16:00:00,117.16845104949891
2023-01-06 17:00:00,123.91535913055236
2023-01-06 18:00:00,137.3381751554692
2023-01-06 19:00:00,118.88825003442638
2023-01-06 20:00:00,135.3872506222248
2023-01-06 21:00:00,148.01690677018632
2023-01-06 22:00:00,120.6159544172529
2023-01-06 23:00:00,140.1905413721155
2023-01-07 00:00:00,142.5004142866062
2023-01-07 01:00:00,149.17726570944174
2023-01-07 02:00:00,130.34339745790325
2023-01-07 03:00:00,130.7552321977904
2023-01-07 04:00:00,150.3160111074206
2023-01-07 05:00:00,149.0902955759483
2023-01-07 06:00:00,149.53372278409995
2023-01-07 07:00:00,151.28383892010825
2023-01-07 08:00:00,141.6899093095803
2023-01-07 09:00:00,151.3620503453911
2023-01-07 10:00:00,152.3967762475887
2023-01-07 11:00:00,142.62518850934535
2023-01-07 12:00:00,168.60445402503356
2023-01-07 13:00:00,154.73795358179834
2023-01-07 14:00:00,138.01428156891183
2023-01-07 15:00:00,156.29550259855117
2023-01-07 16:00:00,139.66125184434503
2023-01-07 17:00:00,156.8332748700867
2023-01-07 18:00:00,159.9801192582337
2023-01-07 19:00:00,139.49787248146575
2023-01-07 20:00:00,156.5295134770921
2023-01-07 21:00:00,150.09716828303726
2023-01-07 22:00:00,153.14843788945765
2023-01-07 23:00:00,162.74172231636607
2023-01-08 00:00:00,140.05623673954577
2023-01-08 01:00:00,133.6026157287725
2023-01-08 02:00:00,130.77165810778382
2023-01-08 03:00:00,129.93617968906324
2023-01-08 04:00:00,135.65533903407788
2023-01-08 05:00:00,138.07872021677144
2023-01-08 06:00:00,135.5881293314905
2023-01-08 07:00:00,139.16487445369782
2023-01-08 08:00:00,129.0175103584375
2023-01-08 09:00:00,141.34493340919093
2023-01-08 10:00:00,122.01798129045204
2023-01-08 11:00:00,149.65942628846125
2023-01-08 12:00:00,126.45134804872158
2023-01-08 13:00:00,109.30946170330792
2023-01-08 14:00:00,104.81369220022202
2023-01-08 15:00:00,117.95004509045283
2023-01-08 16:00:00,108.46052467737375
2023-01-08 17:00:00,115.37820321901683
2023-01-08 18:00:00,110.4929878303139
2023-01-08 19:00:00,102.54030840130898
2023-01-08 20:00:00,92.30046013821683
2023-01-08 21:00:00,83.11780042378912
2023-01-08 22:00:00,91.30334059517651
2023-01-08 23:00:00,101.84529325575453
2023-01-09 00:00:00,92.9518848180854
2023-01-09 01:00:00,75.9062154950026
2023-01-09 02:00:00,87.67721162272274
2023-01-09 03:00:00,87.41557476737253
2023-01-09 04:00:00,72.38199292810003
2023-01-09 05:00:00,80.46301747020946
2023-01-09 06:00:00,77.26583281000802
2023-01-09 07:00:00,63.07041706278732
2023-01-09 08:00:00,75.95823211759148
2023-01-09 09:00:00,75.93761521844301
2023-01-09 10:00:00,79.18400246233541
2023-01-09 11:00:00,76.99448882462184
2023-01-09 12:00:00,50.866762158019924
2023-01-09 13:00:00,53.54074289324558
2023-01-09 14:00:00,66.43775223071984
2023-01-09 15:00:00,64.89062044685376
2023-01-09 16:00:00,63.46939777159398
2023-01-09 17:00:00,95.51678540790351
2023-01-09 18:00:00,61.476644411245246
2023-01-09 19:00:00,66.01244352621848
2023-01-09 20:00:00,63.199413959246286
2023-01-09 21:00:00,59.2919773670076
2023-01-09 22:00:00,48.86230754803813
2023-01-09 23:00:00,58.96180503493658
2023-01-10 00:00:00,43.12276131628415
2023-01-10 01:00:00,48.08482090736902
2023-01-10 02:00:00,45.32545469217038
2023-01-10 03:00:00,50.848690463026784
2023-01-10 04:00:00,73.15254285920679
2023-01-10 05:00:00,31.43452270175484
2023-01-10 06:00:00,57.19594978099962
2023-01-10 07:00:00,34.55675178189395
2023-01-10 08:00:00,46.438665840700374
2023-01-10 09:00:00,62.64388855028149
2023-01-10 10:00:00,53.11441126095363
2023-01-10 11:00:00,42.53042589974599
2023-01-10 12:00:00,47.10803890827584
2023-01-10 13:00:00,62.124808244289135
2023-01-10 14:00:00,49.204797448696155
2023-01-10 15:00:00,59.96160655672371
2023-01-10 16:00:00,59.64699266814903
2023-01-10 17:00:00,54.17172922769556
2023-01-10 18:00:00,83.72208900093406
2023-01-10 19:00:00,70.31121626295409
2023-01-10 20:00:00,45.500209612388986
2023-01-10 21:00:00,69.48156256845725
2023-01-10 22:00:00,62.94564139206923
2023-01-10 23:00:00,80.11055373807447
2023-01-11 00:00:00,65.75488923050837
2023-01-11 01:00:00,74.69252621842784
2023-01-11 02:00:00,83.11006606377461
2023-01-11 03:00:00,88.99299576531425
2023-01-11 04:00:00,70.65697988143296
2023-01-11 05:00:00,81.68285962584557
2023-01-11 06:00:00,82.6838443694304
2023-01-11 07:00:00,83.33690376541875
2023-01-11 08:00:00,109.98700704229552
2023-01-11 09:00:00,98.86375352189685
2023-01-11 10:00:00,84.69955705829453
2023-01-11 11:00:00,108.98821734089648
2023-01-11 12:00:00,123.53283796838635
2023-01-11 13:00:00,115.13181817646533
2023-01-11 14:00:00,92.09731601181265
2023-01-11 15:00:00,104.91426480639015
2023-01-11 16:00:00,124.8668716219978
2023-01-11 17:00:00,107.5316709662345
2023-01-11 18:00:00,121.42057896897843
2023-01-11 19:00:00,127.06021216544232
2023-01-11 20:00:00,112.32768256432037
2023-01-11 21:00:00,123.23076004569948
2023-01-11 22:00:00,93.58269464692924
2023-01-11 23:00:00,117.85574107580656
2023-01-12 00:00:00,127.60781035658661
2023-01-12 01:00:00,119.61406556494664
2023-01-12 02:00:00,150.2940422741837
2023-01-12 03:00:00,121.46147013982159
2023-01-12 04:00:00,133.0658261438539
2023-01-12 05:00:00,140.3832301751235
2023-01-12 06:00:00,155.00024588267257
2023-01-12 07:00:00,127.63892926743485
2023-01-12 08:00:00,154.93404386749728
2023-01-12 09:00:00,144.60114231164908
2023-01-12 10:00:00,135.76868395644004
2023-01-12 11:00:00,151.1756001224252
2023-01-12 12:00:00,149.39936205486683
2023-01-12 13:00:00,142.14206152328092
2023-01-12 14:00:00,149.45713985562298
2023-01-12 15:00:00,145.3987552837497
2023-01-12 16:00:00,150.75648634679618
2023-01-12 17:00:00,156.48776546585762
2023-01-12 18:00:00,165.84688292895652
2023-01-12 19:00:00,137.60362486716156
2023-01-12 20:00:00,171.18200009040228
2023-01-12 21:00:00,130.07582210479697
2023-01-12 22:00:00,147.69966873266057
2023-01-12 23:00:00,154.59824680919567
2023-01-13 00:00:00,150.9005423270001
2023-01-13 01:00:00,141.11873512887993
2023-01-13 02:00:00,144.40103784696421
2023-01-13 03:00:00,140.572366920701
2023-01-13 04:00:00,138.51488461252822
2023-01-13 05:00:00,151.69948858049156
2023-01-13 06:00:00,145.46035547757282
2023-01-13 07:00:00,133.54292430928666
2023-01-13 08:00:00,147.94847710743318
2023-01-13 09:00:00,140.4083757696688
2023-01-13 10:00:00,143.75339807025756
2023-01-13 11:00:00,140.12123991585776
2023-01-13 12:00:00,123.65046193096028
2023-01-13 13:00:00,124.37406791068305
2023-01-13 14:00:00,135.40920650979868
2023-01-13 15:00:00,131.93039929878105
2023-01-13 16:00:00,123.44342432584938
2023-01-13 17:00:00,122.59222054647387
2023-01-13 18:00:00,131.9084586962927
2023-01-13 19:00:00,110.88104355160442
2023-01-13 20:00:00,119.89061173234506
2023-01-13 21:00:00,109.9844781154195
2023-01-13 22:00:00,107.38628947069668
2023-01-13 23:00:00,118.08361624530481
2023-01-14 00:00:00,112.86498599619934
2023-01-14 01:00:00,110.24934591310459
2023-01-14 02:00:00,112.66716956590716
2023-01-14 03:00:00,97.32152263654748
2023-01-14 04:00:00,101.43735090240472
2023-01-14 05:00:00,89.03497017687222
2023-01-14 06:00:00,92.91880898648562
2023-01-14 07:00:00,85.9410760672664
2023-01-14 08:00:00,85.80977835634549
2023-01-14 09:00:00,88.42666949732742
2023-01-14 10:00:00,71.97206379178321
2023-01-14 11:00:00,98.80701808636073
2023-01-14 12:00:00,65.60723754252305
2023-01-14 13:00:00,61.370731851963434
2023-01-14 14:00:00,83.00527057836794
2023-01-14 15:00:00,77.32390039402691
2023-01-14 16:00:00,73.70820224942739
2023-01-14 17:00:00,71.89166818436735
2023-01-14 18:00:00,63.713088077845676
2023-01-14 19:00:00,53.18092810074707
2023-01-14 20:00:00,61.324219455037586
2023-01-14 21:00:00,52.30602022698162
2023-01-14 22:00:00,67.44278757365588
2023-01-14 23:00:00,54.940930083873276
2023-01-15 00:00:00,46.985612308993865
2023-01-15 01:00:00,50.96790550721968
2023-01-15 02:00:00,57.36700918144517
2023-01-15 03:00:00,46.77349530071291
2023-01-15 04:00:00,43.48076963138471
2023-01-15 05:00:00,53.55303762067686
2023-01-15 06:00:00,53.10145194778744
2023-01-15 07:00:00,45.241567056907826
2023-01-15 08:00:00,45.38427366820257
2023-01-15 09:00:00,52.323801177006764
2023-01-15 10:00:00,35.55631942977529
2023-01-15 11:00:00,36.12151730011702
2023-01-15 12:00:00,43.29543799478886
2023-01-15 13:00:00,48.75315623261055
2023-01-15 14:00:00,54.52745212965638
2023-01-15 15:00:00,66.82435929662822
2023-01-15 16:00:00,61.419851964618246
2023-01-15 17:00:00,52.134432379732075
2023-01-15 18:00:00,54.55009048970133
2023-01-15 19:00:00,45.834746153592285
2023-01-15 20:00:00,56.9052435232574
2023-01-15 21:00:00,55.541590073851744
2023-01-15 22:00:00,63.09727963946958
2023-01-15 23:00:00,53.14020690636278
2023-01-16 00:00:00,68.24504554989623
2023-01-16 01:00:00,80.11057035214714
2023-01-16 02:00:00,65.51538053359934
2023-01-16 03:00:00,72.52354235348697
2023-01-16 04:00:00,77.39018333819408
2023-01-16 05:00:00,68.53276747937669
2023-01-16 06:00:00,76.91088648868616
2023-01-16 07:00:00,76.98431384246555
2023-01-16 08:00:00,80.08153679121553
2023-01-16 09:00:00,73.67339570612448
2023-01-16 10:00:00,83.99388769084285
2023-01-16 11:00:00,91.1147621801227
2023-01-16 12:00:00,103.0669338972739
2023-01-16 13:00:00,100.5975872116608
2023-01-16 14:00:00,115.00861279983833
2023-01-16 15:00:00,88.2915591533974
2023-01-16 16:00:00,107.1865932154174
2023-01-16 17:00:00,102.79900739555052
2023-01-16 18:00:00,125.36339886165099
2023-01-16 19:00:00,97.87348990250001
2023-01-16 20:00:00,100.03543966634382
2023-01-16 21:00:00,104.89379750322449
2023-01-16 22:00:00,92.07656444675264
2023-01-16 23:00:00,110.45242068579262
2023-01-17 00:00:00,110.47374811912135
2023-01-17 01:00:00,121.87887272943344
2023-01-17 02:00:00,126.0513260412137
2023-01-17 03:00:00,143.59762017455532
2023-01-17 04:00:00,136.48009450383583
2023-01-17 05:00:00,123.27920328784333
2023-01-17 06:00:00,122.0637259832048
2023-01-17 07:00:00,137.88893834395586
2023-01-17 08:00:00,121.60671626714075
2023-01-17 09:00:00,154.875758977739
2023-01-17 10:00:00,150.0161286165675
2023-01-17 11:00:00,135.09480124956957
2023-01-17 12:00:00,124.12039801848151
2023-01-17 13:00:00,156.15233823266524
2023-01-17 14:00:00,142.723362077508
2023-01-17 15:00:00,157.39220105222873
2023-01-17 16:00:00,130.10230178079368
2023-01-17 17:00:00,140.9700456275719
2023-01-17 18:00:00,147.81583023768914
2023-01-17 19:00:00,148.91317387721938
2023-01-17 20:00:00,144.50136225332747
2023-01-17 21:00:00,155.66644052171947
2023-01-17 22:00:00,139.07384457058484
2023-01-17 23:00:00,148.51376344755246
2023-01-18 00:00:00,151.20295620093313
2023-01-18 01:00:00,155.08160557915195
2023-01-18 02:00:00,156.86551638107537
2023-01-18 03:00:00,138.19050051683388
2023-01-18 04:00:00,133.65951955290495
2023-01-18 05:00:00,161.21844790122108
2023-01-18 06:00:00,151.08451678170448
2023-01-18 07:00:00,139.4765906421728
2023-01-18 08:00:00,161.55544086393544
2023-01-18 09:00:00,146.16781625980664
2023-01-18 10:00:00,155.65846103281692
2023-01-18 11:00:00,143.28523283803264
2023-01-18 12:00:00,161.8553698940686
2023-01-18 13:00:00,157.33583698278315
2023-01-18 14:00:00,135.72769050572313
2023-01-18 15:00:00,146.27223021158193
2023-01-18 16:00:00,141.25791366512445
2023-01-18 17:00:00,146.65093674259168
2023-01-18 18:00:00,121.3932941723562
2023-01-18 19:00:00,135.90320545277376
2023-01-18 20:00:00,137.5543608230109
2023-01-18 21:00:00,107.24259995108387
2023-01-18 22:00:00,110.79510220903491
2023-01-18 23:00:00,99.9763873832841
2023-01-19 00:00:00,115.36464952256917
2023-01-19 01:00:00,122.87892134973626
2023-01-19 02:00:00,128.33252106610948
2023-01-19 03:00:00,111.62201804061392
2023-01-19 04:00:00,124.71209391021156
2023-01-19 05:00:00,92.1486894570645
2023-01-19 06:00:00,86.42474428804672
2023-01-19 07:00:00,100.4032944029059
2023-01-19 08:00:00,102.29722736332265
2023-01-19 09:00:00,95.63129236456365
2023-01-19 10:00:00,72.79560834287312
2023-01-19 11:00:00,90.10697265706713
2023-01-19 12:00:00,75.50416669331841
2023-01-19 13:00:00,92.82495503273219
2023-01-19 14:00:00,87.40832148738681
2023-01-19 15:00:00,71.99836770718849
2023-01-19 16:00:00,73.95991345407533
2023-01-19 17:00:00,66.26021174412516
2023-01-19 18:00:00,74.03729326714847
2023-01-19 19:00:00,82.0906981334116
2023-01-19 20:00:00,60.625980117482435
2023-01-19 21:00:00,73.54159565880049
2023-01-19 22:00:00,61.29533267725421
2023-01-19 23:00:00,56.84961391963907
2023-01-20 00:00:00,61.9766841245612
2023-01-20 01:00:00,51.055758233100605
2023-01-20 02:00:00,54.3295347534631
2023-01-20 03:00:00,46.445610147257206
2023-01-20 04:00:00,76.7341271471439
2023-01-20 05:00:00,56.20947334254754
2023-01-20 06:00:00,47.74010061902595
2023-01-20 07:00:00,55.871032279461694
2023-01-20 08:00:00,51.717709563831114
2023-01-20 09:00:00,49.859159969670394
2023-01-20 10:00:00,57.5584316833198
2023-01-20 11:00:00,58.46142646745586
2023-01-20 12:00:00,45.17392695819623
2023-01-20 13:00:00,44.437369832814596
2023-01-20 14:00:00,47.286383546716365
2023-01-20 15:00:00,26.984168964656998
2023-01-20 16:00:00,34.94316584870601
2023-01-20 17:00:00,63.98050111784522
2023-01-20 18:00:00,67.1025609884804
2023-01-20 19:00:00,48.62723796198347
2023-01-20 20:00:00,57.47030771586308
2023-01-20 21:00:00,55.52533409975253
2023-01-20 22:00:00,84.0289164374194
2023-01-20 23:00:00,65.380242695777
2023-01-21 00:00:00,53.964447126910734
2023-01-21 01:00:00,46.859439754267896
2023-01-21 02:00:00,41.63076042922492
2023-01-21 03:00:00,61.11619112426679
2023-01-21 04:00:00,53.006858063791725
2023-01-21 05:00:00,47.93539008529888
2023-01-21 06:00:00,57.374534893300755
2023-01-21 07:00:00,54.797681757795885
2023-01-21 08:00:00,84.34359751070221
2023-01-21 09:00:00,78.22906351789825
2023-01-21 10:00:00,71.3500298317244
2023-01-21 11:00:00,88.31784166668879
2023-01-21 12:00:00,76.44705014669215
2023-01-21 13:00:00,69.27641752767659
2023-01-21 14:00:00,95.3917687940762
2023-01-21 15:00:00,87.87058459131988
2023-01-21 16:00:00,74.47385359800927
2023-01-21 17:00:00,85.34571151808196
2023-01-21 18:00:00,80.92763336006648
2023-01-21 19:00:00,78.31637290381911
2023-01-21 20:00:00,
2023-01-21 21:00:00,
2023-01-21 22:00:00,
2023-01-21 23:00:00,
2023-01-22 00:00:00,
2023-01-22 01:00:00,
2023-01-22 02:00:00,103.64585352795388
2023-01-22 03:00:00,103.37311457674933
2023-01-22 04:00:00,114.91138162653525
2023-01-22 05:00:00,108.49367714710867
2023-01-22 06:00:00,121.84267623130383
2023-01-22 07:00:00,120.92272544399931
2023-01-22 08:00:00,121.26896578475171
2023-01-22 09:00:00,116.75689713287129
2023-01-22 10:00:00,122.17421076369008
2023-01-22 11:00:00,137.53524652430278
2023-01-22 12:00:00,136.95482854805098
2023-01-22 13:00:00,124.05441922339665
2023-01-22 14:00:00,136.62288308110456
2023-01-22 15:00:00,144.85378593043575
2023-01-22 16:00:00,122.26269931289951
2023-01-22 17:00:00,145.90962488830866
2023-01-22 18:00:00,135.26768463797634
2023-01-22 19:00:00,148.91288549190793
2023-01-22 20:00:00,136.77907280504584
2023-01-22 21:00:00,127.45638059743249
2023-01-22 22:00:00,130.20934738076883
2023-01-22 23:00:00,147.82877098525287
2023-01-23 00:00:00,150.6897141531019
2023-01-23 01:00:00,139.67344360214574
2023-01-23 02:00:00,155.60464515757607
2023-01-23 03:00:00,132.98236313446188
2023-01-23 04:00:00,149.19139262182344
2023-01-23 05:00:00,137.87180141657768
2023-01-23 06:00:00,143.4681960828488
2023-01-23 07:00:00,150.3399470564972
2023-01-23 08:00:00,141.01634134162694
2023-01-23 09:00:00,145.40516048625585
2023-01-23 10:00:00,158.8205372936385
2023-01-23 11:00:00,142.37347109627467
2023-01-23 12:00:00,155.76351962679917
2023-01-23 13:00:00,135.25500957680916
2023-01-23 14:00:00,150.87901055553786
2023-01-23 15:00:00,158.91138880016123
2023-01-23 16:00:00,118.5825526061802
2023-01-23 17:00:00,134.02489839253948
2023-01-23 18:00:00,146.35425260451376
2023-01-23 19:00:00,137.04111702721605
2023-01-23 20:00:00,141.17321502746873
2023-01-23 21:00:00,129.7182674397895
2023-01-23 22:00:00,134.83082453460287
2023-01-23 23:00:00,130.52989702203973
2023-01-24 00:00:00,141.80587213830788
2023-01-24 01:00:00,130.63818685844933
2023-01-24 02:00:00,129.36557101270427
2023-01-24 03:00:00,119.70125028272578
2023-01-24 04:00:00,116.7147763813452
2023-01-24 05:00:00,114.98200149847719
2023-01-24 06:00:00,120.92049400921576
2023-01-24 07:00:00,110.39200092353965
2023-01-24 08:00:00,115.08889734878501
2023-01-24 09:00:00,130.50392726959095
2023-01-24 10:00:00,115.99551829776337
2023-01-24 11:00:00,101.54014457664482
2023-01-24 12:00:00,114.31660527715736
2023-01-24 13:00:00,95.72202698267657
2023-01-24 14:00:00,76.92034395116136
2023-01-24 15:00:00,84.72629291193472
2023-01-24 16:00:00,73.61780892695948
2023-01-24 17:00:00,86.34838550885475
2023-01-24 18:00:00,87.61088301071884
2023-01-24 19:00:00,101.78574084970896
2023-01-24 20:00:00,85.92282372706362
2023-01-24 21:00:00,78.1381708812668
2023-01-24 22:00:00,86.34812343710229
2023-01-24 23:00:00,53.72256924146329
2023-01-25 00:00:00,76.03044618903382
2023-01-25 01:00:00,79.28926313277236
2023-01-25 02:00:00,54.77223524456852
2023-01-25 03:00:00,79.04936591936729
2023-01-25 04:00:00,69.13163303249202
2023-01-25 05:00:00,59.81442022997313
2023-01-25 06:00:00,68.60599178644951
2023-01-25 07:00:00,83.39044919552663
2023-01-25 08:00:00,61.00599817855319
2023-01-25 09:00:00,60.27557119215929
2023-01-25 10:00:00,51.911491902833866
2023-01-25 11:00:00,46.827325079030345
2023-01-25 12:00:00,62.561680740106
2023-01-25 13:00:00,44.74459744470417
2023-01-25 14:00:00,53.185157023784015
2023-01-25 15:00:00,46.97601855192244
2023-01-25 16:00:00,55.94632453432719
2023-01-25 17:00:00,54.01940831632522
2023-01-25 18:00:00,60.707961894008555
2023-01-25 19:00:00,45.00656498489666
2023-01-25 20:00:00,47.30710307304069
2023-01-25 21:00:00,40.24254829496016
2023-01-25 22:00:00,45.736734511417815
2023-01-25 23:00:00,54.22692796009132
2023-01-26 00:00:00,58.422152501897884
2023-01-26 01:00:00,42.15204614311983
2023-01-26 02:00:00,60.7129754579957
2023-01-26 03:00:00,66.33668461285197
2023-01-26 04:00:00,57.79630582278151
2023-01-26 05:00:00,73.42761859895246
2023-01-26 06:00:00,48.03302634870793
2023-01-26 07:00:00,44.5464002282976
2023-01-26 08:00:00,40.53548419667945
2023-01-26 09:00:00,74.71724941561439
2023-01-26 10:00:00,67.83537093941743
2023-01-26 11:00:00,62.36772004839511
2023-01-26 12:00:00,67.44796275957808
2023-01-26 13:00:00,55.20663361049841
2023-01-26 14:00:00,92.81628806425928
2023-01-26 15:00:00,71.6274692510556
2023-01-26 16:00:00,73.47998943243383
2023-01-26 17:00:00,81.76365051517361
2023-01-26 18:00:00,81.49986875393849
2023-01-26 19:00:00,81.17078893642552
2023-01-26 20:00:00,73.32214100696248
2023-01-26 21:00:00,88.28352297715921
2023-01-26 22:00:00,104.77218980412388
2023-01-26 23:00:00,101.82443387275391
2023-01-27 00:00:00,106.74951482112165
2023-01-27 01:00:00,88.17590399201775
2023-01-27 02:00:00,85.87923470403098
2023-01-27 03:00:00,97.01521659494152
2023-01-27 04:00:00,101.33246283823065
2023-01-27 05:00:00,114.21731530862249
2023-01-27 06:00:00,88.84273704606079
2023-01-27 07:00:00,123.5404254341624
2023-01-27 08:00:00,109.12173286907438
2023-01-27 09:00:00,108.86308824737527
2023-01-27 10:00:00,105.40805364713441
2023-01-27 11:00:00,101.3388367481818
2023-01-27 12:00:00,128.43261664647673
2023-01-27 13:00:00,123.19700494809582
2023-01-27 14:00:00,111.77087044297996
2023-01-27 15:00:00,113.86455904731571
2023-01-27 16:00:00,125.53520847873553
2023-01-27 17:00:00,147.5886172148214
2023-01-27 18:00:00,130.23045036572188
2023-01-27 19:00:00,119.64068314175364
2023-01-27 20:00:00,133.9735950523113
2023-01-27 21:00:00,135.37146207196093
2023-01-27 22:00:00,112.70208581323435
2023-01-27 23:00:00,140.60090276046398
2023-01-28 00:00:00,140.20436116295943
2023-01-28 01:00:00,150.73915022810218
2023-01-28 02:00:00,163.42038860377937
2023-01-28 03:00:00,157.23769045680746
2023-01-28 04:00:00,144.2092294947096
2023-01-28 05:00:00,136.64147793998484
2023-01-28 06:00:00,174.1294748973259
2023-01-28 07:00:00,149.55599431254797
2023-01-28 08:00:00,149.54840688951865
2023-01-28 09:00:00,149.48942273066604
2023-01-28 10:00:00,151.9085311330574
2023-01-28 11:00:00,148.55604621366203
2023-01-28 12:00:00,144.20977371576814
2023-01-28 13:00:00,144.29945784818884
2023-01-28 14:00:00,149.13752472493672
2023-01-28 15:00:00,143.6039354061263
2023-01-28 16:00:00,141.36003560507095
2023-01-28 17:00:00,148.88166733652162
2023-01-28 18:00:00,144.4767066572296
2023-01-28 19:00:00,161.1577453955802
2023-01-28 20:00:00,118.58395274394235
2023-01-28 21:00:00,154.87161830972667
2023-01-28 22:00:00,155.17021217469102
2023-01-28 23:00:00,120.6213034484671
2023-01-29 00:00:00,136.47060187727698
2023-01-29 01:00:00,134.62541858361206
2023-01-29 02:00:00,122.61103821376408
2023-01-29 03:00:00,127.1624362906061
2023-01-29 04:00:00,122.00178451377289
2023-01-29 05:00:00,148.71426987202327
2023-01-29 06:00:00,138.55425304233682
2023-01-29 07:00:00,139.84579912120398
2023-01-29 08:00:00,132.21180058249305
2023-01-29 09:00:00,111.5067942071018
2023-01-29 10:00:00,115.29724571634151
2023-01-29 11:00:00,123.12988220501869
2023-01-29 12:00:00,103.66287459358094
2023-01-29 13:00:00,120.62237145770249
2023-01-29 14:00:00,108.66357617159753
2023-01-29 15:00:00,104.86534836884155
2023-01-29 16:00:00,113.24830989779154
2023-01-29 17:00:00,108.09112279664143
2023-01-29 18:00:00,97.5394699032777
2023-01-29 19:00:00,110.24019349246252
2023-01-29 20:00:00,85.33741490970152
2023-01-29 21:00:00,99.81820413614457
2023-01-29 22:00:00,97.11654184495234
2023-01-29 23:00:00,85.63882177718729
2023-01-30 00:00:00,89.57258810495998
2023-01-30 01:00:00,71.41137707515873
2023-01-30 02:00:00,90.81430380706655
2023-01-30 03:00:00,77.42268057619022
2023-01-30 04:00:00,71.79405376498546
2023-01-30 05:00:00,85.31850809925511
2023-01-30 06:00:00,65.6551526518536
2023-01-30 07:00:00,56.55252627292023
2023-01-30 08:00:00,53.08293601411913
2023-01-30 09:00:00,72.79993330291306
2023-01-30 10:00:00,52.10944587971768
2023-01-30 11:00:00,80.72345984019569
2023-01-30 12:00:00,40.71022890637819
2023-01-30 13:00:00,76.94444035144008
2023-01-30 14:00:00,60.64063480773634
2023-01-30 15:00:00,56.21777230945396
2023-01-30 16:00:00,50.49738560388907
2023-01-30 17:00:00,58.809941781523406
2023-01-30 18:00:00,53.42739395021305
2023-01-30 19:00:00,63.93761795186107
2023-01-30 20:00:00,53.2656834832533
2023-01-30 21:00:00,52.96513866758799
2023-01-30 22:00:00,47.28627535904954
2023-01-30 23:00:00,49.93613177346967
2023-01-31 00:00:00,53.29075422327991
2023-01-31 01:00:00,32.942892567680566
2023-01-31 02:00:00,36.51967482352188
2023-01-31 03:00:00,57.51634293725917
2023-01-31 04:00:00,51.999543931988654
2023-01-31 05:00:00,48.782739444039876
2023-01-31 06:00:00,51.26226040263872
2023-01-31 07:00:00,55.13161098485008
2023-01-31 08:00:00,46.957147308523524
2023-01-31 09:00:00,45.389973849128005
2023-01-31 10:00:00,56.06702809466209
2023-01-31 11:00:00,45.37533657535101
2023-01-31 12:00:00,60.40438415066865
2023-01-31 13:00:00,40.56820403207492
2023-01-31 14:00:00,69.26398500356875
2023-01-31 15:00:00,65.17954493227695
2023-01-31 16:00:00,64.59405235502557
2023-01-31 17:00:00,73.53593563218193
2023-01-31 18:00:00,82.12993120536707
2023-01-31 19:00:00,77.4715152431105
2023-01-31 20:00:00,50.853527098039336
2023-01-31 21:00:00,58.477936736301
2023-01-31 22:00:00,67.10890217984345
2023-01-31 23:00:00,75.7681067758094
2023-02-01 00:00:00,82.89523664581478
2023-02-01 01:00:00,72.72846178457534
2023-02-01 02:00:00,84.1709460419461
2023-02-01 03:00:00,77.11114872199508
2023-02-01 04:00:00,80.94990599077461
2023-02-01 05:00:00,75.43097432566162
2023-02-01 06:00:00,82.72405724271174
2023-02-01 07:00:00,80.91849315570559
2023-02-01 08:00:00,87.16949279756838
2023-02-01 09:00:00,109.96522262135326
2023-02-01 10:00:00,92.43682564485081
2023-02-01 11:00:00,130.75180936411473
2023-02-01 12:00:00,111.84725207743166
2023-02-01 13:00:00,111.23120246871035
2023-02-01 14:00:00,103.24453241142052
2023-02-01 15:00:00,121.24685466854179
2023-02-01 16:00:00,110.86735000560651
2023-02-01 17:00:00,120.18216493600035
2023-02-01 18:00:00,146.85376048893548
2023-02-01 19:00:00,122.52993682643782
2023-02-01 20:00:00,137.16205811801464
2023-02-01 21:00:00,120.75206120576472
2023-02-01 22:00:00,129.47885699004996
2023-02-01 23:00:00,149.50695906370927
2023-02-02 00:00:00,127.41985295344826
2023-02-02 01:00:00,153.62020504133073
2023-02-02 02:00:00,144.29053626206618
2023-02-02 03:00:00,133.2124471657716
2023-02-02 04:00:00,146.6880233750001
2023-02-02 05:00:00,151.51523065804665
2023-02-02 06:00:00,149.3288643345261
2023-02-02 07:00:00,128.62162581633774
2023-02-02 08:00:00,138.1546011010936
2023-02-02 09:00:00,143.93911769701705
2023-02-02 10:00:00,146.54205704352654
2023-02-02 11:00:00,154.24677155163872
2023-02-02 12:00:00,150.45040425869104
2023-02-02 13:00:00,135.83139256760956
2023-02-02 14:00:00,153.37507390385568
2023-02-02 15:00:00,155.9430570301558
2023-02-02 16:00:00,155.5743917397167
2023-02-02 17:00:00,160.79841685474673
2023-02-02 18:00:00,158.21875277000882
2023-02-02 19:00:00,154.23533112273074
2023-02-02 20:00:00,148.58154086300613
2023-02-02 21:00:00,132.18982727763859
2023-02-02 22:00:00,152.48964000029358
2023-02-02 23:00:00,149.54365610233262
2023-02-03 00:00:00,149.3370092052853
2023-02-03 01:00:00,132.8914145466661
2023-02-03 02:00:00,133.7716623582064
2023-02-03 03:00:00,153.92542824875616
2023-02-03 04:00:00,141.70134077504815
2023-02-03 05:00:00,147.50946086568277
2023-02-03 06:00:00,139.47328059723174
2023-02-03 07:00:00,137.885150179611
2023-02-03 08:00:00,145.27378125468306
2023-02-03 09:00:00,128.9439620073665
2023-02-03 10:00:00,133.1936691846256
2023-02-03 11:00:00,125.65703494958144
2023-02-03 12:00:00,123.90631672043442
2023-02-03 13:00:00,123.06029402412582
2023-02-03 14:00:00,126.20859191889829
2023-02-03 15:00:00,116.97493122016586
2023-02-03 16:00:00,132.04063828675461
2023-02-03 17:00:00,108.20886853603864
2023-02-03 18:00:00,112.91512535634286
2023-02-03 19:00:00,107.97840555035533
2023-02-03 20:00:00,124.40637452091268
2023-02-03 21:00:00,109.43813693560273
2023-02-03 22:00:00,115.30831307354815
2023-02-03 23:00:00,87.63904540995017
2023-02-04 00:00:00,102.66368545003728
2023-02-04 01:00:00,106.38804147219783
2023-02-04 02:00:00,95.81940604819853
2023-02-04 03:00:00,103.16873356874812
2023-02-04 04:00:00,84.87715772746465
2023-02-04 05:00:00,101.70454855702334
2023-02-04 06:00:00,108.1921151924423
2023-02-04 07:00:00,79.20386667654037
2023-02-04 08:00:00,76.04934175194154
2023-02-04 09:00:00,92.75915293545901
2023-02-04 10:00:00,91.79650520098673
2023-02-04 11:00:00,68.60776471983313
2023-02-04 12:00:00,67.53560448988462
2023-02-04 13:00:00,66.89151730709165
2023-02-04 14:00:00,54.312611454070364
2023-02-04 15:00:00,56.69910207433628
2023-02-04 16:00:00,54.05815778300114
2023-02-04 17:00:00,54.72544579742757
2023-02-04 18:00:00,60.45458862573848
2023-02-04 19:00:00,61.639773073479176
2023-02-04 20:00:00,73.40075739555381
2023-02-04 21:00:00,46.61578822020243
2023-02-04 22:00:00,65.25482508699518
2023-02-04 23:00:00,52.195656094408655
2023-02-05 00:00:00,52.87921680150091
2023-02-05 01:00:00,59.27713264740459
2023-02-05 02:00:00,40.5756918837496
2023-02-05 03:00:00,55.02169280079114
2023-02-05 04:00:00,52.379025533127276
2023-02-05 05:00:00,55.27935897180131
2023-02-05 06:00:00,53.01121117592617
2023-02-05 07:00:00,74.56212942480799
2023-02-05 08:00:00,43.64653284262633
2023-02-05 09:00:00,44.853932087109094
2023-02-05 10:00:00,44.19727906732553
2023-02-05 11:00:00,45.26284643268573
2023-02-05 12:00:00,44.95585616475289
2023-02-05 13:00:00,63.853896512080425
2023-02-05 14:00:00,66.92308354106589
2023-02-05 15:00:00,47.88330492335811
2023-02-05 16:00:00,46.25617013816188
2023-02-05 17:00:00,60.396593819951576
2023-02-05 18:00:00,51.373912852467356
2023-02-05 19:00:00,64.54711945870936
2023-02-05 20:00:00,61.673332350118336
2023-02-05 21:00:00,46.0140325780723
2023-02-05 22:00:00,78.27114277510788
2023-02-05 23:00:00,82.47266114545444
2023-02-06 00:00:00,60.19266559347332
2023-02-06 01:00:00,64.33455464145018
2023-02-06 02:00:00,73.04085552435276
2023-02-06 03:00:00,75.57207911107116
2023-02-06 04:00:00,80.92781930338475
2023-02-06 05:00:00,96.6235464533272
2023-02-06 06:00:00,76.9899548194893
2023-02-06 07:00:00,73.06757736622343
2023-02-06 08:00:00,69.59593885541886
2023-02-06 09:00:00,78.46001372589245
2023-02-06 10:00:00,87.85386792039448
2023-02-06 11:00:00,108.57612994931524
2023-02-06 12:00:00,87.92331762902299
2023-02-06 13:00:00,97.82347181098504
2023-02-06 14:00:00,97.91858082533686
2023-02-06 15:00:00,112.46876158544022
2023-02-06 16:00:00,128.35470747972147
2023-02-06 17:00:00,100.26952256694747
2023-02-06 18:00:00,103.1626724041746
2023-02-06 19:00:00,120.95735333320194
2023-02-06 20:00:00,119.76700067128043
2023-02-06 21:00:00,133.81507196304878
2023-02-06 22:00:00,123.54875466273245
2023-02-06 23:00:00,116.43367290289783
2023-02-07 00:00:00,128.2001068225613
2023-02-07 01:00:00,135.59172515164644
2023-02-07 02:00:00,134.85927037009708
2023-02-07 03:00:00,133.8101924247196
2023-02-07 04:00:00,141.41523005788622
2023-02-07 05:00:00,144.3754610112691
2023-02-07 06:00:00,148.35626413023726
2023-02-07 07:00:00,142.78745064796027
2023-02-07 08:00:00,136.3039348479557
2023-02-07 09:00:00,141.02190830097902
2023-02-07 10:00:00,153.10045257007408
2023-02-07 11:00:00,134.24382522770725
2023-02-07 12:00:00,147.37151089654992
2023-02-07 13:00:00,140.91357770012564
2023-02-07 14:00:00,146.1842835316388
2023-02-07 15:00:00,159.61627548859255
2023-02-07 16:00:00,149.5603796876058
2023-02-07 17:00:00,148.81204947137212
2023-02-07 18:00:00,135.3263315308803
2023-02-07 19:00:00,156.84210590933867
2023-02-07 20:00:00,156.16541899405104
2023-02-07 21:00:00,171.54963197267742
2023-02-07 22:00:00,146.92079337548128
2023-02-07 23:00:00,152.14634932252446
2023-02-08 00:00:00,152.27984205966106
2023-02-08 01:00:00,165.2670089118987
2023-02-08 02:00:00,148.12203853628742
2023-02-08 03:00:00,151.32481929582548
2023-02-08 04:00:00,153.95162514332912
2023-02-08 05:00:00,148.95691094440056
2023-02-08 06:00:00,141.72670499973566
2023-02-08 07:00:00,147.11647775395352
2023-02-08 08:00:00,154.78329046290267
2023-02-08 09:00:00,132.5429001426631
2023-02-08 10:00:00,142.79161793951312
2023-02-08 11:00:00,133.01074036547857
2023-02-08 12:00:00,150.41223281080102
2023-02-08 13:00:00,121.58338857723264
2023-02-08 14:00:00,129.48732700893473
2023-02-08 15:00:00,137.02210341978125
2023-02-08 16:00:00,146.99539007335352
2023-02-08 17:00:00,128.69432135867012
2023-02-08 18:00:00,121.73799169881121
2023-02-08 19:00:00,143.9713733035352
2023-02-08 20:00:00,108.48646690937919
2023-02-08 21:00:00,98.72783014019866
2023-02-08 22:00:00,122.81343537238682
2023-02-08 23:00:00,111.0440339897725
2023-02-09 00:00:00,103.46329993914375
2023-02-09 01:00:00,118.33599406016434
2023-02-09 02:00:00,111.23905666463102
2023-02-09 03:00:00,100.68684106601654
2023-02-09 04:00:00,91.03531378762699
2023-02-09 05:00:00,110.0640483500327
2023-02-09 06:00:00,105.33924944499229
2023-02-09 07:00:00,95.34615374618406
2023-02-09 08:00:00,112.31412870518098
2023-02-09 09:00:00,80.67216563584452
2023-02-09 10:00:00,73.66462229987108
2023-02-09 11:00:00,79.57540402558125
2023-02-09 12:00:00,83.64705963156575
2023-02-09 13:00:00,84.18456335213845
2023-02-09 14:00:00,77.0327612612797
2023-02-09 15:00:00,80.71110816237814
2023-02-09 16:00:00,62.47771821919527
2023-02-09 17:00:00,87.2959461312272
2023-02-09 18:00:00,69.9699519062675
2023-02-09 19:00:00,79.9707379360783
2023-02-09 20:00:00,70.30949449539655
2023-02-09 21:00:00,69.6171775529557
2023-02-09 22:00:00,69.00225511960592
2023-02-09 23:00:00,66.12850798296674
2023-02-10 00:00:00,66.52153347027178
2023-02-10 01:00:00,71.92865785938908
2023-02-10 02:00:00,59.24876360738276
2023-02-10 03:00:00,63.126991526321774
2023-02-10 04:00:00,54.003103820830574
2023-02-10 05:00:00,68.27809083438198
2023-02-10 06:00:00,46.20496812381583
2023-02-10 07:00:00,70.18805662738292
2023-02-10 08:00:00,51.10660177608787
2023-02-10 09:00:00,36.65140626035287
2023-02-10 10:00:00,51.813999466561604
2023-02-10 11:00:00,43.420126231812795
2023-02-10 12:00:00,58.459412375781696
2023-02-10 13:00:00,43.4741627239963
2023-02-10 14:00:00,45.61121703948996
2023-02-10 15:00:00,31.375334192351822
2023-02-10 16:00:00,46.06991460314478
2023-02-10 17:00:00,26.800159950987638
2023-02-10 18:00:00,35.76852259328535
2023-02-10 19:00:00,59.9014931456964
2023-02-10 20:00:00,60.96461448924801
2023-02-10 21:00:00,58.28789860639309
2023-02-10 22:00:00,45.40539447920484
2023-02-10 23:00:00,55.75238885263821
2023-02-11 00:00:00,57.45744606524331
2023-02-11 01:00:00,47.28025055380316
2023-02-11 02:00:00,75.37133118963874
2023-02-11 03:00:00,70.6837563059217
2023-02-11 04:00:00,61.368672375592524
2023-02-11 05:00:00,65.60657077012402
2023-02-11 06:00:00,69.26774989259056
2023-02-11 07:00:00,48.694969925302814
2023-02-11 08:00:00,68.64629930412471
2023-02-11 09:00:00,66.37631951112141
2023-02-11 10:00:00,65.32518055428554
2023-02-11 11:00:00,74.73735351970524
2023-02-11 12:00:00,97.7884273086234
2023-02-11 13:00:00,88.53375787697166
2023-02-11 14:00:00,78.77207342880317
2023-02-11 15:00:00,92.60708512836514
